{"cameraMode":{"drawMode":0,"name":"Shaded","section":"Shading Mode"},"sceneLighting":true,"audioPlay":false,"sceneViewState":{"showFog":true,"showMaterialUpdate":false,"showSkybox":true,"showFlares":true,"showImageEffects":true,"showParticleSystems":true},"in2DMode":false,"pivot":{"x":41.34107208251953,"y":-0.05619049072265625,"z":-30.664222717285158},"rotation":{"x":-0.5808688998222351,"y":-0.005615914706140757,"z":0.0040136706084012989,"w":-0.8139729499816895},"size":46.36249542236328,"orthographic":false}