{"cameraMode":{"drawMode":0,"name":"Shaded","section":"Shading Mode"},"sceneLighting":true,"audioPlay":false,"sceneViewState":{"showFog":true,"showMaterialUpdate":false,"showSkybox":true,"showFlares":true,"showImageEffects":true,"showParticleSystems":true},"in2DMode":false,"pivot":{"x":59.94108963012695,"y":11.610115051269532,"z":-35.608497619628909},"rotation":{"x":0.4589906930923462,"y":-0.18791963160037995,"z":0.09999869763851166,"w":0.8626013994216919},"size":22.310131072998048,"orthographic":false}