{"cameraMode":{"drawMode":0,"name":"Shaded","section":"Shading Mode"},"sceneLighting":true,"audioPlay":false,"sceneViewState":{"showFog":true,"showMaterialUpdate":true,"showSkybox":true,"showFlares":true,"showImageEffects":true,"showParticleSystems":true},"in2DMode":false,"pivot":{"x":17.22315216064453,"y":51.67573547363281,"z":10.399215698242188},"rotation":{"x":0.21137088537216187,"y":0.7889313697814941,"z":-0.40640193223953249,"w":0.40971803665161135},"size":116.43920135498047,"orthographic":false}