{"cameraMode":{"drawMode":0,"name":"Shaded","section":"Shading Mode"},"sceneLighting":true,"audioPlay":false,"sceneViewState":{"showFog":true,"showMaterialUpdate":true,"showSkybox":true,"showFlares":true,"showImageEffects":true,"showParticleSystems":true},"in2DMode":false,"pivot":{"x":54.706031799316409,"y":-0.000006457138169935206,"z":147.72210693359376},"rotation":{"x":0.0019134265603497625,"y":0.9855682253837586,"z":-0.16898545622825623,"w":0.010949737392365933},"size":42.47434616088867,"orthographic":false}