{"cameraMode":{"drawMode":0,"name":"Shaded","section":"Shading Mode"},"sceneLighting":true,"audioPlay":false,"sceneViewState":{"showFog":true,"showMaterialUpdate":true,"showSkybox":true,"showFlares":true,"showImageEffects":true,"showParticleSystems":true},"in2DMode":false,"pivot":{"x":-8.472471237182618,"y":0.07499998807907105,"z":-8.92905044555664},"rotation":{"x":0.6028583645820618,"y":0.10189085453748703,"z":-0.07801873981952667,"w":0.7874599099159241},"size":331.5919189453125,"orthographic":true}