{"cameraMode":{"drawMode":0,"name":"Shaded","section":"Shading Mode"},"sceneLighting":true,"audioPlay":false,"sceneViewState":{"showFog":true,"showMaterialUpdate":true,"showSkybox":true,"showFlares":true,"showImageEffects":true,"showParticleSystems":true},"in2DMode":false,"pivot":{"x":5.976384162902832,"y":5.883232116699219,"z":-19.15489959716797},"rotation":{"x":0.014995383098721505,"y":-0.8067296743392944,"z":0.590435266494751,"w":0.02058650739490986},"size":102.6816635131836,"orthographic":false}