{"cameraMode":{"drawMode":0,"name":"Shaded","section":"Shading Mode"},"sceneLighting":true,"audioPlay":false,"sceneViewState":{"showFog":true,"showMaterialUpdate":true,"showSkybox":true,"showFlares":true,"showImageEffects":true,"showParticleSystems":true},"in2DMode":false,"pivot":{"x":180.37388610839845,"y":4.2572784423828129,"z":-23.377216339111329},"rotation":{"x":-0.39862194657325747,"y":0.5487948060035706,"z":-0.6525379419326782,"w":-0.338326632976532},"size":334.69671630859377,"orthographic":false}