{"cameraMode":{"drawMode":0,"name":"Shaded","section":"Shading Mode"},"sceneLighting":true,"audioPlay":false,"sceneViewState":{"showFog":true,"showMaterialUpdate":true,"showSkybox":true,"showFlares":true,"showImageEffects":true,"showParticleSystems":true},"in2DMode":false,"pivot":{"x":40.359771728515628,"y":5.797957669528842e-7,"z":-13.264181137084961},"rotation":{"x":-0.515154242515564,"y":0.03955541551113129,"z":-0.02390541136264801,"w":-0.8559054732322693},"size":59.27444076538086,"orthographic":false}