{"cameraMode":{"drawMode":0,"name":"Shaded","section":"Shading Mode"},"sceneLighting":true,"audioPlay":false,"sceneViewState":{"showFog":true,"showMaterialUpdate":true,"showSkybox":true,"showFlares":true,"showImageEffects":true,"showParticleSystems":true},"in2DMode":false,"pivot":{"x":-95.52595520019531,"y":10.2733154296875,"z":7.698288917541504},"rotation":{"x":0.3338237404823303,"y":0.6444463133811951,"z":-0.5793245434761047,"w":0.3711344599723816},"size":199.07508850097657,"orthographic":false}