{"cameraMode":{"drawMode":0,"name":"Shaded","section":"Shading Mode"},"sceneLighting":true,"audioPlay":false,"sceneViewState":{"showFog":true,"showMaterialUpdate":true,"showSkybox":true,"showFlares":true,"showImageEffects":true,"showParticleSystems":true},"in2DMode":false,"pivot":{"x":47.82289505004883,"y":-3.688971519470215,"z":13.26921272277832},"rotation":{"x":-0.3691685199737549,"y":0.1916622668504715,"z":-0.08014389127492905,"w":-0.9060390591621399},"size":152.15560913085938,"orthographic":false}