{"cameraMode":{"drawMode":0,"name":"Shaded","section":"Shading Mode"},"sceneLighting":true,"audioPlay":false,"sceneViewState":{"showFog":true,"showMaterialUpdate":true,"showSkybox":true,"showFlares":true,"showImageEffects":true,"showParticleSystems":true},"in2DMode":false,"pivot":{"x":29.201217651367189,"y":-21.93980598449707,"z":-5.661101341247559},"rotation":{"x":-0.0017808711854740978,"y":-0.820070743560791,"z":0.572317361831665,"w":-0.0024534836411476137},"size":673.559326171875,"orthographic":false}