{"cameraMode":{"drawMode":0,"name":"Shaded","section":"Shading Mode"},"sceneLighting":true,"audioPlay":false,"sceneViewState":{"showFog":true,"showMaterialUpdate":true,"showSkybox":true,"showFlares":true,"showImageEffects":true,"showParticleSystems":true},"in2DMode":false,"pivot":{"x":172.41079711914063,"y":0.0000014279539755079896,"z":-32.66777801513672},"rotation":{"x":-0.19112983345985413,"y":0.7983092069625855,"z":-0.4697754979133606,"w":-0.32478123903274538},"size":43.06758499145508,"orthographic":true}