{"cameraMode":{"drawMode":0,"name":"Shaded","section":"Shading Mode"},"sceneLighting":true,"audioPlay":false,"sceneViewState":{"showFog":true,"showMaterialUpdate":true,"showSkybox":true,"showFlares":true,"showImageEffects":true,"showParticleSystems":true},"in2DMode":false,"pivot":{"x":-156.2674102783203,"y":-8.569526672363282,"z":92.25350952148438},"rotation":{"x":-0.047325633466243747,"y":-0.8164237141609192,"z":0.5715900659561157,"w":-0.06749270856380463},"size":103.51918029785156,"orthographic":false}